perturb_type,perturb_param,perturb_value,total_objects,starved_objects,starvation_rate,pedestrian_count,ped_starvation_rate,ped_mean_points,car_count,car_starvation_rate,car_mean_points
beam_dropout,beam_count,8.0,44,21,0.4773,7,0.7143,26.4,31,0.3871,49.5
beam_dropout,beam_count,16.0,44,14,0.3182,7,0.5714,53.4,31,0.2581,93.4
beam_dropout,beam_count,32.0,44,5,0.1136,7,0.0,90.7,31,0.129,184.8
beam_dropout,beam_count,64.0,44,3,0.0682,7,0.0,171.7,31,0.0968,380.3
random_dropout,keep_ratio,0.3,44,9,0.2045,7,0.2857,53.3,31,0.1935,113.7
random_dropout,keep_ratio,0.5,44,6,0.1364,7,0.0,86.3,31,0.1613,188.6
random_dropout,keep_ratio,0.7,44,3,0.0682,7,0.0,120.4,31,0.0968,265.7
random_dropout,keep_ratio,0.85,44,3,0.0682,7,0.0,145.7,31,0.0968,323.6
random_dropout,keep_ratio,1.0,44,3,0.0682,7,0.0,171.7,31,0.0968,380.3
range_cutoff,max_range_m,20.0,44,27,0.6136,7,0.4286,156.7,31,0.6129,326.8
range_cutoff,max_range_m,30.0,44,14,0.3182,7,0.2857,160.0,31,0.2581,373.1
range_cutoff,max_range_m,50.0,44,4,0.0909,7,0.0,171.7,31,0.0968,380.0
range_cutoff,max_range_m,100.0,44,3,0.0682,7,0.0,171.7,31,0.0968,380.3
