frame,object_id,type,distance_m,distance_bin,perturb_type,perturb_param,perturb_value,points_baseline,points_degraded,retention_ratio,is_starved
000001,0,Truck,69.44,>30m,random_dropout,keep_ratio,1.0,70,70,1.0,0
000001,1,Car,60.78,>30m,random_dropout,keep_ratio,1.0,9,9,1.0,1
000001,2,Cyclist,46.07,>30m,random_dropout,keep_ratio,1.0,18,18,1.0,0
000001,0,Truck,69.44,>30m,random_dropout,keep_ratio,0.85,70,59,0.8429,0
000001,1,Car,60.78,>30m,random_dropout,keep_ratio,0.85,9,8,0.8889,1
000001,2,Cyclist,46.07,>30m,random_dropout,keep_ratio,0.85,18,17,0.9444,0
000001,0,Truck,69.44,>30m,random_dropout,keep_ratio,0.7,70,45,0.6429,0
000001,1,Car,60.78,>30m,random_dropout,keep_ratio,0.7,9,7,0.7778,1
000001,2,Cyclist,46.07,>30m,random_dropout,keep_ratio,0.7,18,15,0.8333,0
000001,0,Truck,69.44,>30m,random_dropout,keep_ratio,0.5,70,31,0.4429,0
000001,1,Car,60.78,>30m,random_dropout,keep_ratio,0.5,9,3,0.3333,1
000001,2,Cyclist,46.07,>30m,random_dropout,keep_ratio,0.5,18,9,0.5,1
000001,0,Truck,69.44,>30m,random_dropout,keep_ratio,0.3,70,19,0.2714,0
000001,1,Car,60.78,>30m,random_dropout,keep_ratio,0.3,9,1,0.1111,1
000001,2,Cyclist,46.07,>30m,random_dropout,keep_ratio,0.3,18,8,0.4444,1
000001,0,Truck,69.44,>30m,beam_dropout,beam_count,64.0,70,70,1.0,0
000001,1,Car,60.78,>30m,beam_dropout,beam_count,64.0,9,9,1.0,1
000001,2,Cyclist,46.07,>30m,beam_dropout,beam_count,64.0,18,18,1.0,0
000001,0,Truck,69.44,>30m,beam_dropout,beam_count,32.0,70,30,0.4286,0
000001,1,Car,60.78,>30m,beam_dropout,beam_count,32.0,9,9,1.0,1
000001,2,Cyclist,46.07,>30m,beam_dropout,beam_count,32.0,18,8,0.4444,1
000001,0,Truck,69.44,>30m,beam_dropout,beam_count,16.0,70,13,0.1857,0
000001,1,Car,60.78,>30m,beam_dropout,beam_count,16.0,9,9,1.0,1
000001,2,Cyclist,46.07,>30m,beam_dropout,beam_count,16.0,18,5,0.2778,1
000001,0,Truck,69.44,>30m,beam_dropout,beam_count,8.0,70,0,0.0,1
000001,1,Car,60.78,>30m,beam_dropout,beam_count,8.0,9,9,1.0,1
000001,2,Cyclist,46.07,>30m,beam_dropout,beam_count,8.0,18,1,0.0556,1
000001,0,Truck,69.44,>30m,range_cutoff,max_range_m,100.0,70,70,1.0,0
000001,1,Car,60.78,>30m,range_cutoff,max_range_m,100.0,9,9,1.0,1
000001,2,Cyclist,46.07,>30m,range_cutoff,max_range_m,100.0,18,18,1.0,0
000001,0,Truck,69.44,>30m,range_cutoff,max_range_m,50.0,70,0,0.0,1
000001,1,Car,60.78,>30m,range_cutoff,max_range_m,50.0,9,0,0.0,1
000001,2,Cyclist,46.07,>30m,range_cutoff,max_range_m,50.0,18,18,1.0,0
000001,0,Truck,69.44,>30m,range_cutoff,max_range_m,30.0,70,0,0.0,1
000001,1,Car,60.78,>30m,range_cutoff,max_range_m,30.0,9,0,0.0,1
000001,2,Cyclist,46.07,>30m,range_cutoff,max_range_m,30.0,18,0,0.0,1
000001,0,Truck,69.44,>30m,range_cutoff,max_range_m,20.0,70,0,0.0,1
000001,1,Car,60.78,>30m,range_cutoff,max_range_m,20.0,9,0,0.0,1
000001,2,Cyclist,46.07,>30m,range_cutoff,max_range_m,20.0,18,0,0.0,1
000010,0,Car,6.83,<15m,random_dropout,keep_ratio,1.0,1645,1645,1.0,0
000010,1,Car,12.04,<15m,random_dropout,keep_ratio,1.0,1016,1016,1.0,0
000010,2,Pedestrian,24.94,15-30m,random_dropout,keep_ratio,1.0,23,23,1.0,0
000010,3,Car,17.51,15-30m,random_dropout,keep_ratio,1.0,340,340,1.0,0
000010,4,Car,23.1,15-30m,random_dropout,keep_ratio,1.0,48,48,1.0,0
000010,5,Car,23.64,15-30m,random_dropout,keep_ratio,1.0,246,246,1.0,0
000010,6,Car,29.08,15-30m,random_dropout,keep_ratio,1.0,55,55,1.0,0
000010,7,Car,29.6,15-30m,random_dropout,keep_ratio,1.0,33,33,1.0,0
000010,8,Car,43.09,>30m,random_dropout,keep_ratio,1.0,20,20,1.0,0
000010,0,Car,6.83,<15m,random_dropout,keep_ratio,0.85,1645,1400,0.8511,0
000010,1,Car,12.04,<15m,random_dropout,keep_ratio,0.85,1016,886,0.872,0
000010,2,Pedestrian,24.94,15-30m,random_dropout,keep_ratio,0.85,23,19,0.8261,0
000010,3,Car,17.51,15-30m,random_dropout,keep_ratio,0.85,340,288,0.8471,0
000010,4,Car,23.1,15-30m,random_dropout,keep_ratio,0.85,48,39,0.8125,0
000010,5,Car,23.64,15-30m,random_dropout,keep_ratio,0.85,246,222,0.9024,0
000010,6,Car,29.08,15-30m,random_dropout,keep_ratio,0.85,55,46,0.8364,0
000010,7,Car,29.6,15-30m,random_dropout,keep_ratio,0.85,33,28,0.8485,0
000010,8,Car,43.09,>30m,random_dropout,keep_ratio,0.85,20,17,0.85,0
000010,0,Car,6.83,<15m,random_dropout,keep_ratio,0.7,1645,1160,0.7052,0
000010,1,Car,12.04,<15m,random_dropout,keep_ratio,0.7,1016,715,0.7037,0
000010,2,Pedestrian,24.94,15-30m,random_dropout,keep_ratio,0.7,23,16,0.6957,0
000010,3,Car,17.51,15-30m,random_dropout,keep_ratio,0.7,340,223,0.6559,0
000010,4,Car,23.1,15-30m,random_dropout,keep_ratio,0.7,48,31,0.6458,0
000010,5,Car,23.64,15-30m,random_dropout,keep_ratio,0.7,246,187,0.7602,0
000010,6,Car,29.08,15-30m,random_dropout,keep_ratio,0.7,55,36,0.6545,0
000010,7,Car,29.6,15-30m,random_dropout,keep_ratio,0.7,33,20,0.6061,0
000010,8,Car,43.09,>30m,random_dropout,keep_ratio,0.7,20,12,0.6,0
000010,0,Car,6.83,<15m,random_dropout,keep_ratio,0.5,1645,807,0.4906,0
000010,1,Car,12.04,<15m,random_dropout,keep_ratio,0.5,1016,505,0.497,0
000010,2,Pedestrian,24.94,15-30m,random_dropout,keep_ratio,0.5,23,12,0.5217,0
000010,3,Car,17.51,15-30m,random_dropout,keep_ratio,0.5,340,164,0.4824,0
000010,4,Car,23.1,15-30m,random_dropout,keep_ratio,0.5,48,21,0.4375,0
000010,5,Car,23.64,15-30m,random_dropout,keep_ratio,0.5,246,125,0.5081,0
000010,6,Car,29.08,15-30m,random_dropout,keep_ratio,0.5,55,28,0.5091,0
000010,7,Car,29.6,15-30m,random_dropout,keep_ratio,0.5,33,14,0.4242,0
000010,8,Car,43.09,>30m,random_dropout,keep_ratio,0.5,20,7,0.35,1
000010,0,Car,6.83,<15m,random_dropout,keep_ratio,0.3,1645,494,0.3003,0
000010,1,Car,12.04,<15m,random_dropout,keep_ratio,0.3,1016,320,0.315,0
000010,2,Pedestrian,24.94,15-30m,random_dropout,keep_ratio,0.3,23,7,0.3043,1
000010,3,Car,17.51,15-30m,random_dropout,keep_ratio,0.3,340,101,0.2971,0
000010,4,Car,23.1,15-30m,random_dropout,keep_ratio,0.3,48,12,0.25,0
000010,5,Car,23.64,15-30m,random_dropout,keep_ratio,0.3,246,70,0.2846,0
000010,6,Car,29.08,15-30m,random_dropout,keep_ratio,0.3,55,20,0.3636,0
000010,7,Car,29.6,15-30m,random_dropout,keep_ratio,0.3,33,10,0.303,0
000010,8,Car,43.09,>30m,random_dropout,keep_ratio,0.3,20,3,0.15,1
000010,0,Car,6.83,<15m,beam_dropout,beam_count,64.0,1645,1645,1.0,0
000010,1,Car,12.04,<15m,beam_dropout,beam_count,64.0,1016,1016,1.0,0
000010,2,Pedestrian,24.94,15-30m,beam_dropout,beam_count,64.0,23,23,1.0,0
000010,3,Car,17.51,15-30m,beam_dropout,beam_count,64.0,340,340,1.0,0
000010,4,Car,23.1,15-30m,beam_dropout,beam_count,64.0,48,48,1.0,0
000010,5,Car,23.64,15-30m,beam_dropout,beam_count,64.0,246,246,1.0,0
000010,6,Car,29.08,15-30m,beam_dropout,beam_count,64.0,55,55,1.0,0
000010,7,Car,29.6,15-30m,beam_dropout,beam_count,64.0,33,33,1.0,0
000010,8,Car,43.09,>30m,beam_dropout,beam_count,64.0,20,20,1.0,0
000010,0,Car,6.83,<15m,beam_dropout,beam_count,32.0,1645,771,0.4687,0
000010,1,Car,12.04,<15m,beam_dropout,beam_count,32.0,1016,460,0.4528,0
000010,2,Pedestrian,24.94,15-30m,beam_dropout,beam_count,32.0,23,12,0.5217,0
000010,3,Car,17.51,15-30m,beam_dropout,beam_count,32.0,340,182,0.5353,0
000010,4,Car,23.1,15-30m,beam_dropout,beam_count,32.0,48,23,0.4792,0
000010,5,Car,23.64,15-30m,beam_dropout,beam_count,32.0,246,148,0.6016,0
000010,6,Car,29.08,15-30m,beam_dropout,beam_count,32.0,55,27,0.4909,0
000010,7,Car,29.6,15-30m,beam_dropout,beam_count,32.0,33,17,0.5152,0
000010,8,Car,43.09,>30m,beam_dropout,beam_count,32.0,20,13,0.65,0
000010,0,Car,6.83,<15m,beam_dropout,beam_count,16.0,1645,380,0.231,0
000010,1,Car,12.04,<15m,beam_dropout,beam_count,16.0,1016,246,0.2421,0
000010,2,Pedestrian,24.94,15-30m,beam_dropout,beam_count,16.0,23,6,0.2609,1
000010,3,Car,17.51,15-30m,beam_dropout,beam_count,16.0,340,74,0.2176,0
000010,4,Car,23.1,15-30m,beam_dropout,beam_count,16.0,48,11,0.2292,0
000010,5,Car,23.64,15-30m,beam_dropout,beam_count,16.0,246,66,0.2683,0
000010,6,Car,29.08,15-30m,beam_dropout,beam_count,16.0,55,10,0.1818,0
000010,7,Car,29.6,15-30m,beam_dropout,beam_count,16.0,33,9,0.2727,1
000010,8,Car,43.09,>30m,beam_dropout,beam_count,16.0,20,6,0.3,1
000010,0,Car,6.83,<15m,beam_dropout,beam_count,8.0,1645,266,0.1617,0
000010,1,Car,12.04,<15m,beam_dropout,beam_count,8.0,1016,136,0.1339,0
000010,2,Pedestrian,24.94,15-30m,beam_dropout,beam_count,8.0,23,0,0.0,1
000010,3,Car,17.51,15-30m,beam_dropout,beam_count,8.0,340,49,0.1441,0
000010,4,Car,23.1,15-30m,beam_dropout,beam_count,8.0,48,5,0.1042,1
000010,5,Car,23.64,15-30m,beam_dropout,beam_count,8.0,246,17,0.0691,0
000010,6,Car,29.08,15-30m,beam_dropout,beam_count,8.0,55,2,0.0364,1
000010,7,Car,29.6,15-30m,beam_dropout,beam_count,8.0,33,0,0.0,1
000010,8,Car,43.09,>30m,beam_dropout,beam_count,8.0,20,6,0.3,1
000010,0,Car,6.83,<15m,range_cutoff,max_range_m,100.0,1645,1645,1.0,0
000010,1,Car,12.04,<15m,range_cutoff,max_range_m,100.0,1016,1016,1.0,0
000010,2,Pedestrian,24.94,15-30m,range_cutoff,max_range_m,100.0,23,23,1.0,0
000010,3,Car,17.51,15-30m,range_cutoff,max_range_m,100.0,340,340,1.0,0
000010,4,Car,23.1,15-30m,range_cutoff,max_range_m,100.0,48,48,1.0,0
000010,5,Car,23.64,15-30m,range_cutoff,max_range_m,100.0,246,246,1.0,0
000010,6,Car,29.08,15-30m,range_cutoff,max_range_m,100.0,55,55,1.0,0
000010,7,Car,29.6,15-30m,range_cutoff,max_range_m,100.0,33,33,1.0,0
000010,8,Car,43.09,>30m,range_cutoff,max_range_m,100.0,20,20,1.0,0
000010,0,Car,6.83,<15m,range_cutoff,max_range_m,50.0,1645,1645,1.0,0
000010,1,Car,12.04,<15m,range_cutoff,max_range_m,50.0,1016,1016,1.0,0
000010,2,Pedestrian,24.94,15-30m,range_cutoff,max_range_m,50.0,23,23,1.0,0
000010,3,Car,17.51,15-30m,range_cutoff,max_range_m,50.0,340,340,1.0,0
000010,4,Car,23.1,15-30m,range_cutoff,max_range_m,50.0,48,48,1.0,0
000010,5,Car,23.64,15-30m,range_cutoff,max_range_m,50.0,246,246,1.0,0
000010,6,Car,29.08,15-30m,range_cutoff,max_range_m,50.0,55,55,1.0,0
000010,7,Car,29.6,15-30m,range_cutoff,max_range_m,50.0,33,33,1.0,0
000010,8,Car,43.09,>30m,range_cutoff,max_range_m,50.0,20,20,1.0,0
000010,0,Car,6.83,<15m,range_cutoff,max_range_m,30.0,1645,1645,1.0,0
000010,1,Car,12.04,<15m,range_cutoff,max_range_m,30.0,1016,1016,1.0,0
000010,2,Pedestrian,24.94,15-30m,range_cutoff,max_range_m,30.0,23,23,1.0,0
000010,3,Car,17.51,15-30m,range_cutoff,max_range_m,30.0,340,340,1.0,0
000010,4,Car,23.1,15-30m,range_cutoff,max_range_m,30.0,48,48,1.0,0
000010,5,Car,23.64,15-30m,range_cutoff,max_range_m,30.0,246,246,1.0,0
000010,6,Car,29.08,15-30m,range_cutoff,max_range_m,30.0,55,42,0.7636,0
000010,7,Car,29.6,15-30m,range_cutoff,max_range_m,30.0,33,24,0.7273,0
000010,8,Car,43.09,>30m,range_cutoff,max_range_m,30.0,20,0,0.0,1
000010,0,Car,6.83,<15m,range_cutoff,max_range_m,20.0,1645,1645,1.0,0
000010,1,Car,12.04,<15m,range_cutoff,max_range_m,20.0,1016,1016,1.0,0
000010,2,Pedestrian,24.94,15-30m,range_cutoff,max_range_m,20.0,23,0,0.0,1
000010,3,Car,17.51,15-30m,range_cutoff,max_range_m,20.0,340,340,1.0,0
000010,4,Car,23.1,15-30m,range_cutoff,max_range_m,20.0,48,0,0.0,1
000010,5,Car,23.64,15-30m,range_cutoff,max_range_m,20.0,246,0,0.0,1
000010,6,Car,29.08,15-30m,range_cutoff,max_range_m,20.0,55,0,0.0,1
000010,7,Car,29.6,15-30m,range_cutoff,max_range_m,20.0,33,0,0.0,1
000010,8,Car,43.09,>30m,range_cutoff,max_range_m,20.0,20,0,0.0,1
000011,0,Pedestrian,13.41,<15m,random_dropout,keep_ratio,1.0,151,151,1.0,0
000011,1,Pedestrian,14.48,<15m,random_dropout,keep_ratio,1.0,35,35,1.0,0
000011,2,Car,27.1,15-30m,random_dropout,keep_ratio,1.0,208,208,1.0,0
000011,3,Pedestrian,34.15,>30m,random_dropout,keep_ratio,1.0,40,40,1.0,0
000011,4,Car,6.58,<15m,random_dropout,keep_ratio,1.0,3251,3251,1.0,0
000011,5,Pedestrian,17.81,15-30m,random_dropout,keep_ratio,1.0,81,81,1.0,0
000011,0,Pedestrian,13.41,<15m,random_dropout,keep_ratio,0.85,151,129,0.8543,0
000011,1,Pedestrian,14.48,<15m,random_dropout,keep_ratio,0.85,35,25,0.7143,0
000011,2,Car,27.1,15-30m,random_dropout,keep_ratio,0.85,208,184,0.8846,0
000011,3,Pedestrian,34.15,>30m,random_dropout,keep_ratio,0.85,40,35,0.875,0
000011,4,Car,6.58,<15m,random_dropout,keep_ratio,0.85,3251,2750,0.8459,0
000011,5,Pedestrian,17.81,15-30m,random_dropout,keep_ratio,0.85,81,71,0.8765,0
000011,0,Pedestrian,13.41,<15m,random_dropout,keep_ratio,0.7,151,106,0.702,0
000011,1,Pedestrian,14.48,<15m,random_dropout,keep_ratio,0.7,35,20,0.5714,0
000011,2,Car,27.1,15-30m,random_dropout,keep_ratio,0.7,208,152,0.7308,0
000011,3,Pedestrian,34.15,>30m,random_dropout,keep_ratio,0.7,40,30,0.75,0
000011,4,Car,6.58,<15m,random_dropout,keep_ratio,0.7,3251,2254,0.6933,0
000011,5,Pedestrian,17.81,15-30m,random_dropout,keep_ratio,0.7,81,61,0.7531,0
000011,0,Pedestrian,13.41,<15m,random_dropout,keep_ratio,0.5,151,76,0.5033,0
000011,1,Pedestrian,14.48,<15m,random_dropout,keep_ratio,0.5,35,11,0.3143,0
000011,2,Car,27.1,15-30m,random_dropout,keep_ratio,0.5,208,114,0.5481,0
000011,3,Pedestrian,34.15,>30m,random_dropout,keep_ratio,0.5,40,22,0.55,0
000011,4,Car,6.58,<15m,random_dropout,keep_ratio,0.5,3251,1596,0.4909,0
000011,5,Pedestrian,17.81,15-30m,random_dropout,keep_ratio,0.5,81,38,0.4691,0
000011,0,Pedestrian,13.41,<15m,random_dropout,keep_ratio,0.3,151,40,0.2649,0
000011,1,Pedestrian,14.48,<15m,random_dropout,keep_ratio,0.3,35,9,0.2571,1
000011,2,Car,27.1,15-30m,random_dropout,keep_ratio,0.3,208,68,0.3269,0
000011,3,Pedestrian,34.15,>30m,random_dropout,keep_ratio,0.3,40,15,0.375,0
000011,4,Car,6.58,<15m,random_dropout,keep_ratio,0.3,3251,960,0.2953,0
000011,5,Pedestrian,17.81,15-30m,random_dropout,keep_ratio,0.3,81,23,0.284,0
000011,0,Pedestrian,13.41,<15m,beam_dropout,beam_count,64.0,151,151,1.0,0
000011,1,Pedestrian,14.48,<15m,beam_dropout,beam_count,64.0,35,35,1.0,0
000011,2,Car,27.1,15-30m,beam_dropout,beam_count,64.0,208,208,1.0,0
000011,3,Pedestrian,34.15,>30m,beam_dropout,beam_count,64.0,40,40,1.0,0
000011,4,Car,6.58,<15m,beam_dropout,beam_count,64.0,3251,3251,1.0,0
000011,5,Pedestrian,17.81,15-30m,beam_dropout,beam_count,64.0,81,81,1.0,0
000011,0,Pedestrian,13.41,<15m,beam_dropout,beam_count,32.0,151,65,0.4305,0
000011,1,Pedestrian,14.48,<15m,beam_dropout,beam_count,32.0,35,24,0.6857,0
000011,2,Car,27.1,15-30m,beam_dropout,beam_count,32.0,208,93,0.4471,0
000011,3,Pedestrian,34.15,>30m,beam_dropout,beam_count,32.0,40,26,0.65,0
000011,4,Car,6.58,<15m,beam_dropout,beam_count,32.0,3251,1586,0.4878,0
000011,5,Pedestrian,17.81,15-30m,beam_dropout,beam_count,32.0,81,34,0.4198,0
000011,0,Pedestrian,13.41,<15m,beam_dropout,beam_count,16.0,151,33,0.2185,0
000011,1,Pedestrian,14.48,<15m,beam_dropout,beam_count,16.0,35,6,0.1714,1
000011,2,Car,27.1,15-30m,beam_dropout,beam_count,16.0,208,40,0.1923,0
000011,3,Pedestrian,34.15,>30m,beam_dropout,beam_count,16.0,40,7,0.175,1
000011,4,Car,6.58,<15m,beam_dropout,beam_count,16.0,3251,762,0.2344,0
000011,5,Pedestrian,17.81,15-30m,beam_dropout,beam_count,16.0,81,13,0.1605,0
000011,0,Pedestrian,13.41,<15m,beam_dropout,beam_count,8.0,151,21,0.1391,0
000011,1,Pedestrian,14.48,<15m,beam_dropout,beam_count,8.0,35,4,0.1143,1
000011,2,Car,27.1,15-30m,beam_dropout,beam_count,8.0,208,3,0.0144,1
000011,3,Pedestrian,34.15,>30m,beam_dropout,beam_count,8.0,40,5,0.125,1
000011,4,Car,6.58,<15m,beam_dropout,beam_count,8.0,3251,412,0.1267,0
000011,5,Pedestrian,17.81,15-30m,beam_dropout,beam_count,8.0,81,6,0.0741,1
000011,0,Pedestrian,13.41,<15m,range_cutoff,max_range_m,100.0,151,151,1.0,0
000011,1,Pedestrian,14.48,<15m,range_cutoff,max_range_m,100.0,35,35,1.0,0
000011,2,Car,27.1,15-30m,range_cutoff,max_range_m,100.0,208,208,1.0,0
000011,3,Pedestrian,34.15,>30m,range_cutoff,max_range_m,100.0,40,40,1.0,0
000011,4,Car,6.58,<15m,range_cutoff,max_range_m,100.0,3251,3251,1.0,0
000011,5,Pedestrian,17.81,15-30m,range_cutoff,max_range_m,100.0,81,81,1.0,0
000011,0,Pedestrian,13.41,<15m,range_cutoff,max_range_m,50.0,151,151,1.0,0
000011,1,Pedestrian,14.48,<15m,range_cutoff,max_range_m,50.0,35,35,1.0,0
000011,2,Car,27.1,15-30m,range_cutoff,max_range_m,50.0,208,208,1.0,0
000011,3,Pedestrian,34.15,>30m,range_cutoff,max_range_m,50.0,40,40,1.0,0
000011,4,Car,6.58,<15m,range_cutoff,max_range_m,50.0,3251,3251,1.0,0
000011,5,Pedestrian,17.81,15-30m,range_cutoff,max_range_m,50.0,81,81,1.0,0
000011,0,Pedestrian,13.41,<15m,range_cutoff,max_range_m,30.0,151,151,1.0,0
000011,1,Pedestrian,14.48,<15m,range_cutoff,max_range_m,30.0,35,35,1.0,0
000011,2,Car,27.1,15-30m,range_cutoff,max_range_m,30.0,208,208,1.0,0
000011,3,Pedestrian,34.15,>30m,range_cutoff,max_range_m,30.0,40,0,0.0,1
000011,4,Car,6.58,<15m,range_cutoff,max_range_m,30.0,3251,3251,1.0,0
000011,5,Pedestrian,17.81,15-30m,range_cutoff,max_range_m,30.0,81,81,1.0,0
000011,0,Pedestrian,13.41,<15m,range_cutoff,max_range_m,20.0,151,151,1.0,0
000011,1,Pedestrian,14.48,<15m,range_cutoff,max_range_m,20.0,35,35,1.0,0
000011,2,Car,27.1,15-30m,range_cutoff,max_range_m,20.0,208,0,0.0,1
000011,3,Pedestrian,34.15,>30m,range_cutoff,max_range_m,20.0,40,0,0.0,1
000011,4,Car,6.58,<15m,range_cutoff,max_range_m,20.0,3251,3251,1.0,0
000011,5,Pedestrian,17.81,15-30m,range_cutoff,max_range_m,20.0,81,81,1.0,0
000021,0,Cyclist,4.17,<15m,random_dropout,keep_ratio,1.0,1484,1484,1.0,0
000021,1,Car,13.64,<15m,random_dropout,keep_ratio,1.0,850,850,1.0,0
000021,2,Car,17.78,15-30m,random_dropout,keep_ratio,1.0,238,238,1.0,0
000021,3,Van,23.93,15-30m,random_dropout,keep_ratio,1.0,964,964,1.0,0
000021,4,Car,26.48,15-30m,random_dropout,keep_ratio,1.0,176,176,1.0,0
000021,5,Car,26.88,15-30m,random_dropout,keep_ratio,1.0,113,113,1.0,0
000021,6,Car,32.61,>30m,random_dropout,keep_ratio,1.0,50,50,1.0,0
000021,7,Car,31.8,>30m,random_dropout,keep_ratio,1.0,28,28,1.0,0
000021,0,Cyclist,4.17,<15m,random_dropout,keep_ratio,0.85,1484,1270,0.8558,0
000021,1,Car,13.64,<15m,random_dropout,keep_ratio,0.85,850,719,0.8459,0
000021,2,Car,17.78,15-30m,random_dropout,keep_ratio,0.85,238,209,0.8782,0
000021,3,Van,23.93,15-30m,random_dropout,keep_ratio,0.85,964,822,0.8527,0
000021,4,Car,26.48,15-30m,random_dropout,keep_ratio,0.85,176,147,0.8352,0
000021,5,Car,26.88,15-30m,random_dropout,keep_ratio,0.85,113,96,0.8496,0
000021,6,Car,32.61,>30m,random_dropout,keep_ratio,0.85,50,43,0.86,0
000021,7,Car,31.8,>30m,random_dropout,keep_ratio,0.85,28,21,0.75,0
000021,0,Cyclist,4.17,<15m,random_dropout,keep_ratio,0.7,1484,1071,0.7217,0
000021,1,Car,13.64,<15m,random_dropout,keep_ratio,0.7,850,593,0.6976,0
000021,2,Car,17.78,15-30m,random_dropout,keep_ratio,0.7,238,171,0.7185,0
000021,3,Van,23.93,15-30m,random_dropout,keep_ratio,0.7,964,678,0.7033,0
000021,4,Car,26.48,15-30m,random_dropout,keep_ratio,0.7,176,128,0.7273,0
000021,5,Car,26.88,15-30m,random_dropout,keep_ratio,0.7,113,78,0.6903,0
000021,6,Car,32.61,>30m,random_dropout,keep_ratio,0.7,50,37,0.74,0
000021,7,Car,31.8,>30m,random_dropout,keep_ratio,0.7,28,19,0.6786,0
000021,0,Cyclist,4.17,<15m,random_dropout,keep_ratio,0.5,1484,766,0.5162,0
000021,1,Car,13.64,<15m,random_dropout,keep_ratio,0.5,850,422,0.4965,0
000021,2,Car,17.78,15-30m,random_dropout,keep_ratio,0.5,238,131,0.5504,0
000021,3,Van,23.93,15-30m,random_dropout,keep_ratio,0.5,964,480,0.4979,0
000021,4,Car,26.48,15-30m,random_dropout,keep_ratio,0.5,176,94,0.5341,0
000021,5,Car,26.88,15-30m,random_dropout,keep_ratio,0.5,113,62,0.5487,0
000021,6,Car,32.61,>30m,random_dropout,keep_ratio,0.5,50,30,0.6,0
000021,7,Car,31.8,>30m,random_dropout,keep_ratio,0.5,28,15,0.5357,0
000021,0,Cyclist,4.17,<15m,random_dropout,keep_ratio,0.3,1484,459,0.3093,0
000021,1,Car,13.64,<15m,random_dropout,keep_ratio,0.3,850,236,0.2776,0
000021,2,Car,17.78,15-30m,random_dropout,keep_ratio,0.3,238,81,0.3403,0
000021,3,Van,23.93,15-30m,random_dropout,keep_ratio,0.3,964,311,0.3226,0
000021,4,Car,26.48,15-30m,random_dropout,keep_ratio,0.3,176,50,0.2841,0
000021,5,Car,26.88,15-30m,random_dropout,keep_ratio,0.3,113,34,0.3009,0
000021,6,Car,32.61,>30m,random_dropout,keep_ratio,0.3,50,19,0.38,0
000021,7,Car,31.8,>30m,random_dropout,keep_ratio,0.3,28,9,0.3214,1
000021,0,Cyclist,4.17,<15m,beam_dropout,beam_count,64.0,1484,1484,1.0,0
000021,1,Car,13.64,<15m,beam_dropout,beam_count,64.0,850,850,1.0,0
000021,2,Car,17.78,15-30m,beam_dropout,beam_count,64.0,238,238,1.0,0
000021,3,Van,23.93,15-30m,beam_dropout,beam_count,64.0,964,964,1.0,0
000021,4,Car,26.48,15-30m,beam_dropout,beam_count,64.0,176,176,1.0,0
000021,5,Car,26.88,15-30m,beam_dropout,beam_count,64.0,113,113,1.0,0
000021,6,Car,32.61,>30m,beam_dropout,beam_count,64.0,50,50,1.0,0
000021,7,Car,31.8,>30m,beam_dropout,beam_count,64.0,28,28,1.0,0
000021,0,Cyclist,4.17,<15m,beam_dropout,beam_count,32.0,1484,765,0.5155,0
000021,1,Car,13.64,<15m,beam_dropout,beam_count,32.0,850,439,0.5165,0
000021,2,Car,17.78,15-30m,beam_dropout,beam_count,32.0,238,121,0.5084,0
000021,3,Van,23.93,15-30m,beam_dropout,beam_count,32.0,964,481,0.499,0
000021,4,Car,26.48,15-30m,beam_dropout,beam_count,32.0,176,78,0.4432,0
000021,5,Car,26.88,15-30m,beam_dropout,beam_count,32.0,113,57,0.5044,0
000021,6,Car,32.61,>30m,beam_dropout,beam_count,32.0,50,21,0.42,0
000021,7,Car,31.8,>30m,beam_dropout,beam_count,32.0,28,16,0.5714,0
000021,0,Cyclist,4.17,<15m,beam_dropout,beam_count,16.0,1484,387,0.2608,0
000021,1,Car,13.64,<15m,beam_dropout,beam_count,16.0,850,260,0.3059,0
000021,2,Car,17.78,15-30m,beam_dropout,beam_count,16.0,238,71,0.2983,0
000021,3,Van,23.93,15-30m,beam_dropout,beam_count,16.0,964,292,0.3029,0
000021,4,Car,26.48,15-30m,beam_dropout,beam_count,16.0,176,44,0.25,0
000021,5,Car,26.88,15-30m,beam_dropout,beam_count,16.0,113,28,0.2478,0
000021,6,Car,32.61,>30m,beam_dropout,beam_count,16.0,50,8,0.16,1
000021,7,Car,31.8,>30m,beam_dropout,beam_count,16.0,28,8,0.2857,1
000021,0,Cyclist,4.17,<15m,beam_dropout,beam_count,8.0,1484,195,0.1314,0
000021,1,Car,13.64,<15m,beam_dropout,beam_count,8.0,850,116,0.1365,0
000021,2,Car,17.78,15-30m,beam_dropout,beam_count,8.0,238,29,0.1218,0
000021,3,Van,23.93,15-30m,beam_dropout,beam_count,8.0,964,139,0.1442,0
000021,4,Car,26.48,15-30m,beam_dropout,beam_count,8.0,176,21,0.1193,0
000021,5,Car,26.88,15-30m,beam_dropout,beam_count,8.0,113,13,0.115,0
000021,6,Car,32.61,>30m,beam_dropout,beam_count,8.0,50,6,0.12,1
000021,7,Car,31.8,>30m,beam_dropout,beam_count,8.0,28,3,0.1071,1
000021,0,Cyclist,4.17,<15m,range_cutoff,max_range_m,100.0,1484,1484,1.0,0
000021,1,Car,13.64,<15m,range_cutoff,max_range_m,100.0,850,850,1.0,0
000021,2,Car,17.78,15-30m,range_cutoff,max_range_m,100.0,238,238,1.0,0
000021,3,Van,23.93,15-30m,range_cutoff,max_range_m,100.0,964,964,1.0,0
000021,4,Car,26.48,15-30m,range_cutoff,max_range_m,100.0,176,176,1.0,0
000021,5,Car,26.88,15-30m,range_cutoff,max_range_m,100.0,113,113,1.0,0
000021,6,Car,32.61,>30m,range_cutoff,max_range_m,100.0,50,50,1.0,0
000021,7,Car,31.8,>30m,range_cutoff,max_range_m,100.0,28,28,1.0,0
000021,0,Cyclist,4.17,<15m,range_cutoff,max_range_m,50.0,1484,1484,1.0,0
000021,1,Car,13.64,<15m,range_cutoff,max_range_m,50.0,850,850,1.0,0
000021,2,Car,17.78,15-30m,range_cutoff,max_range_m,50.0,238,238,1.0,0
000021,3,Van,23.93,15-30m,range_cutoff,max_range_m,50.0,964,964,1.0,0
000021,4,Car,26.48,15-30m,range_cutoff,max_range_m,50.0,176,176,1.0,0
000021,5,Car,26.88,15-30m,range_cutoff,max_range_m,50.0,113,113,1.0,0
000021,6,Car,32.61,>30m,range_cutoff,max_range_m,50.0,50,50,1.0,0
000021,7,Car,31.8,>30m,range_cutoff,max_range_m,50.0,28,28,1.0,0
000021,0,Cyclist,4.17,<15m,range_cutoff,max_range_m,30.0,1484,1484,1.0,0
000021,1,Car,13.64,<15m,range_cutoff,max_range_m,30.0,850,850,1.0,0
000021,2,Car,17.78,15-30m,range_cutoff,max_range_m,30.0,238,238,1.0,0
000021,3,Van,23.93,15-30m,range_cutoff,max_range_m,30.0,964,964,1.0,0
000021,4,Car,26.48,15-30m,range_cutoff,max_range_m,30.0,176,176,1.0,0
000021,5,Car,26.88,15-30m,range_cutoff,max_range_m,30.0,113,113,1.0,0
000021,6,Car,32.61,>30m,range_cutoff,max_range_m,30.0,50,0,0.0,1
000021,7,Car,31.8,>30m,range_cutoff,max_range_m,30.0,28,0,0.0,1
000021,0,Cyclist,4.17,<15m,range_cutoff,max_range_m,20.0,1484,1484,1.0,0
000021,1,Car,13.64,<15m,range_cutoff,max_range_m,20.0,850,850,1.0,0
000021,2,Car,17.78,15-30m,range_cutoff,max_range_m,20.0,238,231,0.9706,0
000021,3,Van,23.93,15-30m,range_cutoff,max_range_m,20.0,964,0,0.0,1
000021,4,Car,26.48,15-30m,range_cutoff,max_range_m,20.0,176,0,0.0,1
000021,5,Car,26.88,15-30m,range_cutoff,max_range_m,20.0,113,0,0.0,1
000021,6,Car,32.61,>30m,range_cutoff,max_range_m,20.0,50,0,0.0,1
000021,7,Car,31.8,>30m,range_cutoff,max_range_m,20.0,28,0,0.0,1
000049,0,Car,21.55,15-30m,random_dropout,keep_ratio,1.0,206,206,1.0,0
000049,1,Car,14.35,<15m,random_dropout,keep_ratio,1.0,930,930,1.0,0
000049,2,Car,22.29,15-30m,random_dropout,keep_ratio,1.0,140,140,1.0,0
000049,3,Car,25.2,15-30m,random_dropout,keep_ratio,1.0,79,79,1.0,0
000049,4,Car,32.78,>30m,random_dropout,keep_ratio,1.0,18,18,1.0,0
000049,5,Van,45.86,>30m,random_dropout,keep_ratio,1.0,79,79,1.0,0
000049,6,Pedestrian,5.46,<15m,random_dropout,keep_ratio,1.0,830,830,1.0,0
000049,7,Car,10.4,<15m,random_dropout,keep_ratio,1.0,571,571,1.0,0
000049,8,Car,15.44,15-30m,random_dropout,keep_ratio,1.0,432,432,1.0,0
000049,9,Car,20.64,15-30m,random_dropout,keep_ratio,1.0,198,198,1.0,0
000049,10,Pedestrian,32.79,>30m,random_dropout,keep_ratio,1.0,42,42,1.0,0
000049,11,Car,33.25,>30m,random_dropout,keep_ratio,1.0,74,74,1.0,0
000049,12,Car,14.42,<15m,random_dropout,keep_ratio,1.0,437,437,1.0,0
000049,13,Car,19.02,15-30m,random_dropout,keep_ratio,1.0,312,312,1.0,0
000049,14,Car,35.67,>30m,random_dropout,keep_ratio,1.0,2,2,1.0,1
000049,15,Car,23.2,15-30m,random_dropout,keep_ratio,1.0,8,8,1.0,1
000049,16,Van,35.57,>30m,random_dropout,keep_ratio,1.0,261,261,1.0,0
000049,17,Car,22.38,15-30m,random_dropout,keep_ratio,1.0,56,56,1.0,0
000049,0,Car,21.55,15-30m,random_dropout,keep_ratio,0.85,206,172,0.835,0
000049,1,Car,14.35,<15m,random_dropout,keep_ratio,0.85,930,780,0.8387,0
000049,2,Car,22.29,15-30m,random_dropout,keep_ratio,0.85,140,113,0.8071,0
000049,3,Car,25.2,15-30m,random_dropout,keep_ratio,0.85,79,68,0.8608,0
000049,4,Car,32.78,>30m,random_dropout,keep_ratio,0.85,18,16,0.8889,0
000049,5,Van,45.86,>30m,random_dropout,keep_ratio,0.85,79,71,0.8987,0
000049,6,Pedestrian,5.46,<15m,random_dropout,keep_ratio,0.85,830,710,0.8554,0
000049,7,Car,10.4,<15m,random_dropout,keep_ratio,0.85,571,492,0.8616,0
000049,8,Car,15.44,15-30m,random_dropout,keep_ratio,0.85,432,364,0.8426,0
000049,9,Car,20.64,15-30m,random_dropout,keep_ratio,0.85,198,168,0.8485,0
000049,10,Pedestrian,32.79,>30m,random_dropout,keep_ratio,0.85,42,31,0.7381,0
000049,11,Car,33.25,>30m,random_dropout,keep_ratio,0.85,74,67,0.9054,0
000049,12,Car,14.42,<15m,random_dropout,keep_ratio,0.85,437,365,0.8352,0
000049,13,Car,19.02,15-30m,random_dropout,keep_ratio,0.85,312,271,0.8686,0
000049,14,Car,35.67,>30m,random_dropout,keep_ratio,0.85,2,2,1.0,1
000049,15,Car,23.2,15-30m,random_dropout,keep_ratio,0.85,8,6,0.75,1
000049,16,Van,35.57,>30m,random_dropout,keep_ratio,0.85,261,225,0.8621,0
000049,17,Car,22.38,15-30m,random_dropout,keep_ratio,0.85,56,46,0.8214,0
000049,0,Car,21.55,15-30m,random_dropout,keep_ratio,0.7,206,139,0.6748,0
000049,1,Car,14.35,<15m,random_dropout,keep_ratio,0.7,930,634,0.6817,0
000049,2,Car,22.29,15-30m,random_dropout,keep_ratio,0.7,140,92,0.6571,0
000049,3,Car,25.2,15-30m,random_dropout,keep_ratio,0.7,79,56,0.7089,0
000049,4,Car,32.78,>30m,random_dropout,keep_ratio,0.7,18,12,0.6667,0
000049,5,Van,45.86,>30m,random_dropout,keep_ratio,0.7,79,61,0.7722,0
000049,6,Pedestrian,5.46,<15m,random_dropout,keep_ratio,0.7,830,582,0.7012,0
000049,7,Car,10.4,<15m,random_dropout,keep_ratio,0.7,571,402,0.704,0
000049,8,Car,15.44,15-30m,random_dropout,keep_ratio,0.7,432,307,0.7106,0
000049,9,Car,20.64,15-30m,random_dropout,keep_ratio,0.7,198,137,0.6919,0
000049,10,Pedestrian,32.79,>30m,random_dropout,keep_ratio,0.7,42,28,0.6667,0
000049,11,Car,33.25,>30m,random_dropout,keep_ratio,0.7,74,58,0.7838,0
000049,12,Car,14.42,<15m,random_dropout,keep_ratio,0.7,437,303,0.6934,0
000049,13,Car,19.02,15-30m,random_dropout,keep_ratio,0.7,312,235,0.7532,0
000049,14,Car,35.67,>30m,random_dropout,keep_ratio,0.7,2,2,1.0,1
000049,15,Car,23.2,15-30m,random_dropout,keep_ratio,0.7,8,4,0.5,1
000049,16,Van,35.57,>30m,random_dropout,keep_ratio,0.7,261,182,0.6973,0
000049,17,Car,22.38,15-30m,random_dropout,keep_ratio,0.7,56,33,0.5893,0
000049,0,Car,21.55,15-30m,random_dropout,keep_ratio,0.5,206,90,0.4369,0
000049,1,Car,14.35,<15m,random_dropout,keep_ratio,0.5,930,462,0.4968,0
000049,2,Car,22.29,15-30m,random_dropout,keep_ratio,0.5,140,66,0.4714,0
000049,3,Car,25.2,15-30m,random_dropout,keep_ratio,0.5,79,37,0.4684,0
000049,4,Car,32.78,>30m,random_dropout,keep_ratio,0.5,18,6,0.3333,1
000049,5,Van,45.86,>30m,random_dropout,keep_ratio,0.5,79,45,0.5696,0
000049,6,Pedestrian,5.46,<15m,random_dropout,keep_ratio,0.5,830,423,0.5096,0
000049,7,Car,10.4,<15m,random_dropout,keep_ratio,0.5,571,295,0.5166,0
000049,8,Car,15.44,15-30m,random_dropout,keep_ratio,0.5,432,222,0.5139,0
000049,9,Car,20.64,15-30m,random_dropout,keep_ratio,0.5,198,103,0.5202,0
000049,10,Pedestrian,32.79,>30m,random_dropout,keep_ratio,0.5,42,22,0.5238,0
000049,11,Car,33.25,>30m,random_dropout,keep_ratio,0.5,74,43,0.5811,0
000049,12,Car,14.42,<15m,random_dropout,keep_ratio,0.5,437,199,0.4554,0
000049,13,Car,19.02,15-30m,random_dropout,keep_ratio,0.5,312,158,0.5064,0
000049,14,Car,35.67,>30m,random_dropout,keep_ratio,0.5,2,1,0.5,1
000049,15,Car,23.2,15-30m,random_dropout,keep_ratio,0.5,8,3,0.375,1
000049,16,Van,35.57,>30m,random_dropout,keep_ratio,0.5,261,135,0.5172,0
000049,17,Car,22.38,15-30m,random_dropout,keep_ratio,0.5,56,25,0.4464,0
000049,0,Car,21.55,15-30m,random_dropout,keep_ratio,0.3,206,61,0.2961,0
000049,1,Car,14.35,<15m,random_dropout,keep_ratio,0.3,930,286,0.3075,0
000049,2,Car,22.29,15-30m,random_dropout,keep_ratio,0.3,140,42,0.3,0
000049,3,Car,25.2,15-30m,random_dropout,keep_ratio,0.3,79,26,0.3291,0
000049,4,Car,32.78,>30m,random_dropout,keep_ratio,0.3,18,4,0.2222,1
000049,5,Van,45.86,>30m,random_dropout,keep_ratio,0.3,79,24,0.3038,0
000049,6,Pedestrian,5.46,<15m,random_dropout,keep_ratio,0.3,830,267,0.3217,0
000049,7,Car,10.4,<15m,random_dropout,keep_ratio,0.3,571,181,0.317,0
000049,8,Car,15.44,15-30m,random_dropout,keep_ratio,0.3,432,120,0.2778,0
000049,9,Car,20.64,15-30m,random_dropout,keep_ratio,0.3,198,58,0.2929,0
000049,10,Pedestrian,32.79,>30m,random_dropout,keep_ratio,0.3,42,12,0.2857,0
000049,11,Car,33.25,>30m,random_dropout,keep_ratio,0.3,74,27,0.3649,0
000049,12,Car,14.42,<15m,random_dropout,keep_ratio,0.3,437,112,0.2563,0
000049,13,Car,19.02,15-30m,random_dropout,keep_ratio,0.3,312,102,0.3269,0
000049,14,Car,35.67,>30m,random_dropout,keep_ratio,0.3,2,1,0.5,1
000049,15,Car,23.2,15-30m,random_dropout,keep_ratio,0.3,8,1,0.125,1
000049,16,Van,35.57,>30m,random_dropout,keep_ratio,0.3,261,72,0.2759,0
000049,17,Car,22.38,15-30m,random_dropout,keep_ratio,0.3,56,17,0.3036,0
000049,0,Car,21.55,15-30m,beam_dropout,beam_count,64.0,206,206,1.0,0
000049,1,Car,14.35,<15m,beam_dropout,beam_count,64.0,930,930,1.0,0
000049,2,Car,22.29,15-30m,beam_dropout,beam_count,64.0,140,140,1.0,0
000049,3,Car,25.2,15-30m,beam_dropout,beam_count,64.0,79,79,1.0,0
000049,4,Car,32.78,>30m,beam_dropout,beam_count,64.0,18,18,1.0,0
000049,5,Van,45.86,>30m,beam_dropout,beam_count,64.0,79,79,1.0,0
000049,6,Pedestrian,5.46,<15m,beam_dropout,beam_count,64.0,830,830,1.0,0
000049,7,Car,10.4,<15m,beam_dropout,beam_count,64.0,571,571,1.0,0
000049,8,Car,15.44,15-30m,beam_dropout,beam_count,64.0,432,432,1.0,0
000049,9,Car,20.64,15-30m,beam_dropout,beam_count,64.0,198,198,1.0,0
000049,10,Pedestrian,32.79,>30m,beam_dropout,beam_count,64.0,42,42,1.0,0
000049,11,Car,33.25,>30m,beam_dropout,beam_count,64.0,74,74,1.0,0
000049,12,Car,14.42,<15m,beam_dropout,beam_count,64.0,437,437,1.0,0
000049,13,Car,19.02,15-30m,beam_dropout,beam_count,64.0,312,312,1.0,0
000049,14,Car,35.67,>30m,beam_dropout,beam_count,64.0,2,2,1.0,1
000049,15,Car,23.2,15-30m,beam_dropout,beam_count,64.0,8,8,1.0,1
000049,16,Van,35.57,>30m,beam_dropout,beam_count,64.0,261,261,1.0,0
000049,17,Car,22.38,15-30m,beam_dropout,beam_count,64.0,56,56,1.0,0
000049,0,Car,21.55,15-30m,beam_dropout,beam_count,32.0,206,119,0.5777,0
000049,1,Car,14.35,<15m,beam_dropout,beam_count,32.0,930,446,0.4796,0
000049,2,Car,22.29,15-30m,beam_dropout,beam_count,32.0,140,66,0.4714,0
000049,3,Car,25.2,15-30m,beam_dropout,beam_count,32.0,79,51,0.6456,0
000049,4,Car,32.78,>30m,beam_dropout,beam_count,32.0,18,8,0.4444,1
000049,5,Van,45.86,>30m,beam_dropout,beam_count,32.0,79,29,0.3671,0
000049,6,Pedestrian,5.46,<15m,beam_dropout,beam_count,32.0,830,450,0.5422,0
000049,7,Car,10.4,<15m,beam_dropout,beam_count,32.0,571,286,0.5009,0
000049,8,Car,15.44,15-30m,beam_dropout,beam_count,32.0,432,195,0.4514,0
000049,9,Car,20.64,15-30m,beam_dropout,beam_count,32.0,198,97,0.4899,0
000049,10,Pedestrian,32.79,>30m,beam_dropout,beam_count,32.0,42,24,0.5714,0
000049,11,Car,33.25,>30m,beam_dropout,beam_count,32.0,74,30,0.4054,0
000049,12,Car,14.42,<15m,beam_dropout,beam_count,32.0,437,202,0.4622,0
000049,13,Car,19.02,15-30m,beam_dropout,beam_count,32.0,312,128,0.4103,0
000049,14,Car,35.67,>30m,beam_dropout,beam_count,32.0,2,1,0.5,1
000049,15,Car,23.2,15-30m,beam_dropout,beam_count,32.0,8,5,0.625,1
000049,16,Van,35.57,>30m,beam_dropout,beam_count,32.0,261,156,0.5977,0
000049,17,Car,22.38,15-30m,beam_dropout,beam_count,32.0,56,35,0.625,0
000049,0,Car,21.55,15-30m,beam_dropout,beam_count,16.0,206,68,0.3301,0
000049,1,Car,14.35,<15m,beam_dropout,beam_count,16.0,930,190,0.2043,0
000049,2,Car,22.29,15-30m,beam_dropout,beam_count,16.0,140,37,0.2643,0
000049,3,Car,25.2,15-30m,beam_dropout,beam_count,16.0,79,41,0.519,0
000049,4,Car,32.78,>30m,beam_dropout,beam_count,16.0,18,6,0.3333,1
000049,5,Van,45.86,>30m,beam_dropout,beam_count,16.0,79,5,0.0633,1
000049,6,Pedestrian,5.46,<15m,beam_dropout,beam_count,16.0,830,302,0.3639,0
000049,7,Car,10.4,<15m,beam_dropout,beam_count,16.0,571,155,0.2715,0
000049,8,Car,15.44,15-30m,beam_dropout,beam_count,16.0,432,102,0.2361,0
000049,9,Car,20.64,15-30m,beam_dropout,beam_count,16.0,198,55,0.2778,0
000049,10,Pedestrian,32.79,>30m,beam_dropout,beam_count,16.0,42,7,0.1667,1
000049,11,Car,33.25,>30m,beam_dropout,beam_count,16.0,74,22,0.2973,0
000049,12,Car,14.42,<15m,beam_dropout,beam_count,16.0,437,106,0.2426,0
000049,13,Car,19.02,15-30m,beam_dropout,beam_count,16.0,312,62,0.1987,0
000049,14,Car,35.67,>30m,beam_dropout,beam_count,16.0,2,0,0.0,1
000049,15,Car,23.2,15-30m,beam_dropout,beam_count,16.0,8,0,0.0,1
000049,16,Van,35.57,>30m,beam_dropout,beam_count,16.0,261,31,0.1188,0
000049,17,Car,22.38,15-30m,beam_dropout,beam_count,16.0,56,18,0.3214,0
000049,0,Car,21.55,15-30m,beam_dropout,beam_count,8.0,206,12,0.0583,0
000049,1,Car,14.35,<15m,beam_dropout,beam_count,8.0,930,120,0.129,0
000049,2,Car,22.29,15-30m,beam_dropout,beam_count,8.0,140,26,0.1857,0
000049,3,Car,25.2,15-30m,beam_dropout,beam_count,8.0,79,19,0.2405,0
000049,4,Car,32.78,>30m,beam_dropout,beam_count,8.0,18,6,0.3333,1
000049,5,Van,45.86,>30m,beam_dropout,beam_count,8.0,79,0,0.0,1
000049,6,Pedestrian,5.46,<15m,beam_dropout,beam_count,8.0,830,142,0.1711,0
000049,7,Car,10.4,<15m,beam_dropout,beam_count,8.0,571,60,0.1051,0
000049,8,Car,15.44,15-30m,beam_dropout,beam_count,8.0,432,57,0.1319,0
000049,9,Car,20.64,15-30m,beam_dropout,beam_count,8.0,198,31,0.1566,0
000049,10,Pedestrian,32.79,>30m,beam_dropout,beam_count,8.0,42,7,0.1667,1
000049,11,Car,33.25,>30m,beam_dropout,beam_count,8.0,74,22,0.2973,0
000049,12,Car,14.42,<15m,beam_dropout,beam_count,8.0,437,49,0.1121,0
000049,13,Car,19.02,15-30m,beam_dropout,beam_count,8.0,312,35,0.1122,0
000049,14,Car,35.67,>30m,beam_dropout,beam_count,8.0,2,0,0.0,1
000049,15,Car,23.2,15-30m,beam_dropout,beam_count,8.0,8,0,0.0,1
000049,16,Van,35.57,>30m,beam_dropout,beam_count,8.0,261,0,0.0,1
000049,17,Car,22.38,15-30m,beam_dropout,beam_count,8.0,56,4,0.0714,1
000049,0,Car,21.55,15-30m,range_cutoff,max_range_m,100.0,206,206,1.0,0
000049,1,Car,14.35,<15m,range_cutoff,max_range_m,100.0,930,930,1.0,0
000049,2,Car,22.29,15-30m,range_cutoff,max_range_m,100.0,140,140,1.0,0
000049,3,Car,25.2,15-30m,range_cutoff,max_range_m,100.0,79,79,1.0,0
000049,4,Car,32.78,>30m,range_cutoff,max_range_m,100.0,18,18,1.0,0
000049,5,Van,45.86,>30m,range_cutoff,max_range_m,100.0,79,79,1.0,0
000049,6,Pedestrian,5.46,<15m,range_cutoff,max_range_m,100.0,830,830,1.0,0
000049,7,Car,10.4,<15m,range_cutoff,max_range_m,100.0,571,571,1.0,0
000049,8,Car,15.44,15-30m,range_cutoff,max_range_m,100.0,432,432,1.0,0
000049,9,Car,20.64,15-30m,range_cutoff,max_range_m,100.0,198,198,1.0,0
000049,10,Pedestrian,32.79,>30m,range_cutoff,max_range_m,100.0,42,42,1.0,0
000049,11,Car,33.25,>30m,range_cutoff,max_range_m,100.0,74,74,1.0,0
000049,12,Car,14.42,<15m,range_cutoff,max_range_m,100.0,437,437,1.0,0
000049,13,Car,19.02,15-30m,range_cutoff,max_range_m,100.0,312,312,1.0,0
000049,14,Car,35.67,>30m,range_cutoff,max_range_m,100.0,2,2,1.0,1
000049,15,Car,23.2,15-30m,range_cutoff,max_range_m,100.0,8,8,1.0,1
000049,16,Van,35.57,>30m,range_cutoff,max_range_m,100.0,261,261,1.0,0
000049,17,Car,22.38,15-30m,range_cutoff,max_range_m,100.0,56,56,1.0,0
000049,0,Car,21.55,15-30m,range_cutoff,max_range_m,50.0,206,206,1.0,0
000049,1,Car,14.35,<15m,range_cutoff,max_range_m,50.0,930,930,1.0,0
000049,2,Car,22.29,15-30m,range_cutoff,max_range_m,50.0,140,140,1.0,0
000049,3,Car,25.2,15-30m,range_cutoff,max_range_m,50.0,79,79,1.0,0
000049,4,Car,32.78,>30m,range_cutoff,max_range_m,50.0,18,18,1.0,0
000049,5,Van,45.86,>30m,range_cutoff,max_range_m,50.0,79,79,1.0,0
000049,6,Pedestrian,5.46,<15m,range_cutoff,max_range_m,50.0,830,830,1.0,0
000049,7,Car,10.4,<15m,range_cutoff,max_range_m,50.0,571,571,1.0,0
000049,8,Car,15.44,15-30m,range_cutoff,max_range_m,50.0,432,432,1.0,0
000049,9,Car,20.64,15-30m,range_cutoff,max_range_m,50.0,198,198,1.0,0
000049,10,Pedestrian,32.79,>30m,range_cutoff,max_range_m,50.0,42,42,1.0,0
000049,11,Car,33.25,>30m,range_cutoff,max_range_m,50.0,74,74,1.0,0
000049,12,Car,14.42,<15m,range_cutoff,max_range_m,50.0,437,437,1.0,0
000049,13,Car,19.02,15-30m,range_cutoff,max_range_m,50.0,312,312,1.0,0
000049,14,Car,35.67,>30m,range_cutoff,max_range_m,50.0,2,2,1.0,1
000049,15,Car,23.2,15-30m,range_cutoff,max_range_m,50.0,8,8,1.0,1
000049,16,Van,35.57,>30m,range_cutoff,max_range_m,50.0,261,261,1.0,0
000049,17,Car,22.38,15-30m,range_cutoff,max_range_m,50.0,56,56,1.0,0
000049,0,Car,21.55,15-30m,range_cutoff,max_range_m,30.0,206,206,1.0,0
000049,1,Car,14.35,<15m,range_cutoff,max_range_m,30.0,930,930,1.0,0
000049,2,Car,22.29,15-30m,range_cutoff,max_range_m,30.0,140,140,1.0,0
000049,3,Car,25.2,15-30m,range_cutoff,max_range_m,30.0,79,79,1.0,0
000049,4,Car,32.78,>30m,range_cutoff,max_range_m,30.0,18,0,0.0,1
000049,5,Van,45.86,>30m,range_cutoff,max_range_m,30.0,79,0,0.0,1
000049,6,Pedestrian,5.46,<15m,range_cutoff,max_range_m,30.0,830,830,1.0,0
000049,7,Car,10.4,<15m,range_cutoff,max_range_m,30.0,571,571,1.0,0
000049,8,Car,15.44,15-30m,range_cutoff,max_range_m,30.0,432,432,1.0,0
000049,9,Car,20.64,15-30m,range_cutoff,max_range_m,30.0,198,198,1.0,0
000049,10,Pedestrian,32.79,>30m,range_cutoff,max_range_m,30.0,42,0,0.0,1
000049,11,Car,33.25,>30m,range_cutoff,max_range_m,30.0,74,0,0.0,1
000049,12,Car,14.42,<15m,range_cutoff,max_range_m,30.0,437,437,1.0,0
000049,13,Car,19.02,15-30m,range_cutoff,max_range_m,30.0,312,312,1.0,0
000049,14,Car,35.67,>30m,range_cutoff,max_range_m,30.0,2,0,0.0,1
000049,15,Car,23.2,15-30m,range_cutoff,max_range_m,30.0,8,8,1.0,1
000049,16,Van,35.57,>30m,range_cutoff,max_range_m,30.0,261,0,0.0,1
000049,17,Car,22.38,15-30m,range_cutoff,max_range_m,30.0,56,56,1.0,0
000049,0,Car,21.55,15-30m,range_cutoff,max_range_m,20.0,206,0,0.0,1
000049,1,Car,14.35,<15m,range_cutoff,max_range_m,20.0,930,930,1.0,0
000049,2,Car,22.29,15-30m,range_cutoff,max_range_m,20.0,140,0,0.0,1
000049,3,Car,25.2,15-30m,range_cutoff,max_range_m,20.0,79,0,0.0,1
000049,4,Car,32.78,>30m,range_cutoff,max_range_m,20.0,18,0,0.0,1
000049,5,Van,45.86,>30m,range_cutoff,max_range_m,20.0,79,0,0.0,1
000049,6,Pedestrian,5.46,<15m,range_cutoff,max_range_m,20.0,830,830,1.0,0
000049,7,Car,10.4,<15m,range_cutoff,max_range_m,20.0,571,571,1.0,0
000049,8,Car,15.44,15-30m,range_cutoff,max_range_m,20.0,432,432,1.0,0
000049,9,Car,20.64,15-30m,range_cutoff,max_range_m,20.0,198,123,0.6212,0
000049,10,Pedestrian,32.79,>30m,range_cutoff,max_range_m,20.0,42,0,0.0,1
000049,11,Car,33.25,>30m,range_cutoff,max_range_m,20.0,74,0,0.0,1
000049,12,Car,14.42,<15m,range_cutoff,max_range_m,20.0,437,437,1.0,0
000049,13,Car,19.02,15-30m,range_cutoff,max_range_m,20.0,312,304,0.9744,0
000049,14,Car,35.67,>30m,range_cutoff,max_range_m,20.0,2,0,0.0,1
000049,15,Car,23.2,15-30m,range_cutoff,max_range_m,20.0,8,0,0.0,1
000049,16,Van,35.57,>30m,range_cutoff,max_range_m,20.0,261,0,0.0,1
000049,17,Car,22.38,15-30m,range_cutoff,max_range_m,20.0,56,0,0.0,1
